{
    "mean": [
        -5.734709739685059,
        -4.452139854431152,
        -4.455965042114258,
        -4.558087348937988,
        -3.3392019271850586,
        -3.3397347927093506,
        -3.2621264457702637,
        -2.708282709121704,
        -3.079345226287842,
        -3.0732357501983643,
        -3.535551071166992,
        -3.628387212753296,
        -3.565392017364502,
        -3.431000232696533,
        -3.4473838806152344,
        -3.5632119178771973,
        -3.7453341484069824,
        -3.957963466644287,
        -4.205967426300049,
        -4.488927364349365,
        -4.765824317932129,
        -5.002224445343018,
        -5.182253837585449,
        -5.3333964347839355,
        -5.483791351318359,
        -5.593530654907227,
        -5.5867743492126465,
        -5.913296699523926,
        -6.007710933685303,
        -5.843991756439209,
        -6.200894355773926,
        -6.022568702697754,
        -6.1734185218811035,
        -5.9528021812438965,
        -5.964899063110352,
        -5.889049530029297,
        -5.9094696044921875,
        -5.8836188316345215,
        -5.862020492553711,
        -5.885225296020508,
        -5.936222553253174,
        -5.998152732849121,
        -6.051261901855469,
        -6.114333629608154,
        -6.168697357177734,
        -6.186513423919678,
        -6.12221097946167,
        -6.1884379386901855,
        -6.0966410636901855,
        -6.171388626098633,
        -6.155313491821289,
        -6.252313137054443,
        -6.268349647521973,
        -6.303589820861816,
        -6.385551452636719,
        -6.463565349578857,
        -6.537230491638184,
        -6.596286773681641,
        -6.672286510467529,
        -6.729121685028076,
        -6.788541316986084,
        -6.860319137573242,
        -7.04906702041626,
        -7.1934075355529785,
        -7.346832275390625,
        -7.4902544021606445,
        -7.639081954956055,
        -7.786843299865723,
        -7.917834281921387,
        -8.012200355529785,
        -8.12277889251709,
        -8.189787864685059,
        -8.219489097595215,
        -8.271059036254883,
        -8.31605052947998,
        -8.403715133666992,
        -8.468442916870117,
        -8.59485149383545,
        -8.694632530212402,
        -8.814760208129883
    ],
    "std": [
        3.858081817626953,
        3.8739089965820312,
        4.0309648513793945,
        4.029736518859863,
        4.507716178894043,
        4.6775970458984375,
        4.842789649963379,
        5.025899887084961,
        4.935641765594482,
        4.895905494689941,
        4.855511665344238,
        4.836707592010498,
        4.854721546173096,
        4.885854721069336,
        4.903595447540283,
        4.886373043060303,
        4.850039482116699,
        4.798102855682373,
        4.744284152984619,
        4.684407711029053,
        4.607463359832764,
        4.534849643707275,
        4.463346481323242,
        4.391908168792725,
        4.328398704528809,
        4.2667646408081055,
        4.209571361541748,
        4.163989067077637,
        4.141559600830078,
        4.129251480102539,
        4.117214202880859,
        4.095266819000244,
        4.0773820877075195,
        3.9050445556640625,
        3.789235830307007,
        3.911503791809082,
        4.0553483963012695,
        4.047878742218018,
        4.037641525268555,
        4.025374412536621,
        4.006004333496094,
        3.986523389816284,
        3.9560561180114746,
        3.940406084060669,
        3.9485583305358887,
        3.9617021083831787,
        3.9810171127319336,
        4.017471790313721,
        4.028521537780762,
        4.028550624847412,
        3.995832681655884,
        3.9868268966674805,
        3.9728381633758545,
        3.965299129486084,
        3.9627480506896973,
        3.944594621658325,
        3.937695264816284,
        3.9349656105041504,
        3.933825969696045,
        3.93147611618042,
        3.911440134048462,
        3.821913957595825,
        3.882042407989502,
        3.8909826278686523,
        3.876771926879883,
        3.8625078201293945,
        3.8432388305664062,
        3.8377010822296143,
        3.839644193649292,
        3.820737600326538,
        3.8162171840667725,
        3.7954158782958984,
        3.7790863513946533,
        3.7740495204925537,
        3.7587661743164062,
        3.7314867973327637,
        3.7049107551574707,
        3.733729600906372,
        3.745270013809204,
        3.7465670108795166
    ]
}