{
    "mean": [
        -4.077629089355469,
        -2.794013023376465,
        -2.8734993934631348,
        -2.9757003784179688,
        -1.8205525875091553,
        -1.8800855875015259,
        -1.8167725801467896,
        -1.3319549560546875,
        -1.7568209171295166,
        -1.7695797681808472,
        -2.2360880374908447,
        -2.3147366046905518,
        -2.2669498920440674,
        -2.1410961151123047,
        -2.1640608310699463,
        -2.2824385166168213,
        -2.4681482315063477,
        -2.6833434104919434,
        -2.935899496078491,
        -3.2129385471343994,
        -3.474513530731201,
        -3.694451093673706,
        -3.864565372467041,
        -4.009724140167236,
        -4.158955097198486,
        -4.266518592834473,
        -4.249910831451416,
        -4.560492038726807,
        -4.650486946105957,
        -4.49556303024292,
        -4.850303649902344,
        -4.671338081359863,
        -4.821676731109619,
        -4.6199188232421875,
        -4.640256404876709,
        -4.540982723236084,
        -4.532418727874756,
        -4.497166633605957,
        -4.470635414123535,
        -4.497905254364014,
        -4.556138515472412,
        -4.621689796447754,
        -4.676543712615967,
        -4.749050140380859,
        -4.812779426574707,
        -4.834990501403809,
        -4.770436763763428,
        -4.827693939208984,
        -4.733367443084717,
        -4.80676794052124,
        -4.792568206787109,
        -4.884764194488525,
        -4.8975605964660645,
        -4.931015968322754,
        -5.013133525848389,
        -5.092466354370117,
        -5.167737007141113,
        -5.2187819480896,
        -5.286568641662598,
        -5.34737491607666,
        -5.411778926849365,
        -5.501049041748047,
        -5.690669536590576,
        -5.836808204650879,
        -5.994396686553955,
        -6.142331600189209,
        -6.291766166687012,
        -6.438292026519775,
        -6.563983917236328,
        -6.645130634307861,
        -6.735763072967529,
        -6.780529499053955,
        -6.793703079223633,
        -6.837347984313965,
        -6.870352268218994,
        -6.948132514953613,
        -6.9950666427612305,
        -7.102771759033203,
        -7.190790176391602,
        -7.2927703857421875
    ],
    "std": [
        3.5156989097595215,
        3.5298025608062744,
        3.754361152648926,
        3.753286600112915,
        4.247668266296387,
        4.406561374664307,
        4.5857768058776855,
        4.761961936950684,
        4.659404754638672,
        4.620085716247559,
        4.592757701873779,
        4.593249320983887,
        4.610853672027588,
        4.642341136932373,
        4.660262107849121,
        4.6473069190979,
        4.615591526031494,
        4.568652153015137,
        4.5236005783081055,
        4.477046012878418,
        4.409396648406982,
        4.33951473236084,
        4.271247863769531,
        4.199561595916748,
        4.133605003356934,
        4.069822788238525,
        4.013242244720459,
        3.9707767963409424,
        3.9507222175598145,
        3.9454574584960938,
        3.9396204948425293,
        3.920600414276123,
        3.9032206535339355,
        3.7791898250579834,
        3.696206569671631,
        3.795341730117798,
        3.900141716003418,
        3.897080421447754,
        3.8899521827697754,
        3.877912759780884,
        3.8627562522888184,
        3.8488035202026367,
        3.8169708251953125,
        3.79819393157959,
        3.802931070327759,
        3.8151726722717285,
        3.8395256996154785,
        3.879859685897827,
        3.900104522705078,
        3.9078876972198486,
        3.892366647720337,
        3.8897206783294678,
        3.877382516860962,
        3.8707189559936523,
        3.8668460845947266,
        3.84570574760437,
        3.8379814624786377,
        3.8410184383392334,
        3.841609239578247,
        3.836623430252075,
        3.817366123199463,
        3.756298303604126,
        3.8038737773895264,
        3.808460235595703,
        3.794340133666992,
        3.7806904315948486,
        3.7641258239746094,
        3.7558400630950928,
        3.754504442214966,
        3.7349705696105957,
        3.722912549972534,
        3.6940698623657227,
        3.6681840419769287,
        3.6581625938415527,
        3.6438663005828857,
        3.6195242404937744,
        3.5947227478027344,
        3.61354660987854,
        3.6211068630218506,
        3.6262316703796387
    ]
}
