{
    "mean": [
        -5.06917142868042,
        -3.7870359420776367,
        -3.697906017303467,
        -3.7999942302703857,
        -2.5335240364074707,
        -2.499584197998047,
        -2.4119040966033936,
        -1.808720588684082,
        -2.1447017192840576,
        -2.1191246509552,
        -2.5691840648651123,
        -2.669841766357422,
        -2.60184907913208,
        -2.463900089263916,
        -2.4793131351470947,
        -2.5954911708831787,
        -2.779412031173706,
        -2.9885170459747314,
        -3.2289578914642334,
        -3.5058698654174805,
        -3.7837207317352295,
        -4.03108024597168,
        -4.225005149841309,
        -4.3840765953063965,
        -4.534912586212158,
        -4.647633075714111,
        -4.652381896972656,
        -4.990013599395752,
        -5.089240074157715,
        -4.923532009124756,
        -5.2777934074401855,
        -5.10139799118042,
        -5.253520488739014,
        -5.010659217834473,
        -5.009596824645996,
        -4.952558994293213,
        -4.995298862457275,
        -4.973082065582275,
        -4.956777572631836,
        -4.9817633628845215,
        -5.027779579162598,
        -5.085936069488525,
        -5.137014865875244,
        -5.191050052642822,
        -5.233227729797363,
        -5.24665641784668,
        -5.178775787353516,
        -5.2486677169799805,
        -5.160141468048096,
        -5.245606422424316,
        -5.234358310699463,
        -5.33792781829834,
        -5.362302780151367,
        -5.397558212280273,
        -5.479385852813721,
        -5.557036876678467,
        -5.628428936004639,
        -5.688294887542725,
        -5.765384674072266,
        -5.830554008483887,
        -5.887953281402588,
        -5.938913345336914,
        -6.125959873199463,
        -6.265506267547607,
        -6.4115705490112305,
        -6.5489726066589355,
        -6.694845199584961,
        -6.842777729034424,
        -6.984097480773926,
        -7.091709613800049,
        -7.219830513000488,
        -7.301966667175293,
        -7.346706867218018,
        -7.404792308807373,
        -7.451671600341797,
        -7.547730922698975,
        -7.627705097198486,
        -7.768467426300049,
        -7.8765788078308105,
        -8.006149291992188
    ],
    "std": [
        4.049275875091553,
        4.0667500495910645,
        4.175531387329102,
        4.174149036407471,
        4.605416297912598,
        4.783127307891846,
        4.941950798034668,
        5.139451503753662,
        5.064685821533203,
        5.030905723571777,
        4.99002742767334,
        4.968679904937744,
        4.9841694831848145,
        5.016858100891113,
        5.0371317863464355,
        5.021656513214111,
        4.986335754394531,
        4.938557147979736,
        4.883743762969971,
        4.816839218139648,
        4.733104705810547,
        4.657619953155518,
        4.588572025299072,
        4.523710250854492,
        4.466374397277832,
        4.407508373260498,
        4.350279808044434,
        4.304305076599121,
        4.282031536102295,
        4.266727924346924,
        4.253161430358887,
        4.230924606323242,
        4.213127613067627,
        4.003769397735596,
        3.8688225746154785,
        4.014377593994141,
        4.188113689422607,
        4.179481029510498,
        4.169936656951904,
        4.161410808563232,
        4.14511251449585,
        4.125980854034424,
        4.100323677062988,
        4.090112209320068,
        4.102299213409424,
        4.116488456726074,
        4.135173320770264,
        4.167813301086426,
        4.175927639007568,
        4.174036502838135,
        4.135773181915283,
        4.1280293464660645,
        4.122505187988281,
        4.12152624130249,
        4.1217780113220215,
        4.107842445373535,
        4.1000752449035645,
        4.0963521003723145,
        4.098073959350586,
        4.099771022796631,
        4.083803176879883,
        3.977715253829956,
        4.054299354553223,
        4.071820259094238,
        4.058060169219971,
        4.038818836212158,
        4.013259410858154,
        4.005556106567383,
        4.003225326538086,
        3.9775655269622803,
        3.9719579219818115,
        3.955404758453369,
        3.940215587615967,
        3.930382013320923,
        3.9123752117156982,
        3.8778374195098877,
        3.8500473499298096,
        3.8825955390930176,
        3.8912055492401123,
        3.8936233520507812
    ]
}
